Date,Open,High,Low,Close,Adj Close,Volume
2020-01-01,4.016786,4.0182,4.0163,4.016786,4.016786,0
2020-01-02,4.0163,4.0387,4.00082,4.0163,4.0163,0
2020-01-03,4.0237,4.067005,4.021125,4.0234,4.0234,0
2020-01-06,4.057,4.0662,4.044942,4.057,4.057,0
2020-01-07,4.0605,4.0906,4.043024,4.0604,4.0604,0
2020-01-08,4.0662,4.0764,4.0441,4.0662,4.0662,0
2020-01-09,4.0628,4.0847,4.037521,4.0628,4.0628,0
2020-01-10,4.0922,4.0925,4.061031,4.0921,4.0921,0
2020-01-13,4.0904,4.1388,4.088028,4.0705,4.0705,0
2020-01-14,4.1459,4.1575,4.12605,4.1458,4.1458,0
2020-01-15,4.1313,4.1819,4.1102,4.1313,4.1313,0
2020-01-16,4.1744,4.1905,4.1594,4.1742,4.1742,0
2020-01-17,4.1837,4.1887,4.171507,4.1836,4.1836,0
2020-01-20,4.1616,4.1862,4.1574,4.1616,4.1616,0
2020-01-21,4.1887,4.2052,4.166776,4.1885,4.1885,0
2020-01-22,4.2109,4.2113,4.1794,4.2109,4.2109,0
2020-01-23,4.1814,4.1878,4.1556,4.1813,4.1813,0
2020-01-24,4.1688,4.1876,4.1474,4.1691,4.1691,0
2020-01-27,4.1595,4.2297,4.1595,4.1595,4.1595,0
2020-01-28,4.2061,4.2157,4.1869,4.2061,4.2061,0
2020-01-29,4.1933,4.2211,4.1817,4.1934,4.1934,0
2020-01-30,4.2288,4.2692,4.226698,4.2289,4.2289,0
2020-01-31,4.2422,4.2842,4.240011,4.2422,4.2422,0
2020-02-03,4.2826,4.2826,4.228579,4.2826,4.2826,0
2020-02-04,4.2465,4.2475,4.2232,4.2468,4.2468,0
2020-02-05,4.2539,4.2586,4.22381,4.2537,4.2537,0
2020-02-06,4.2336,4.2709,4.207225,4.2336,4.2336,0
2020-02-07,4.2809,4.3221,4.2772,4.2808,4.2808,0
2020-02-10,4.3204,4.3255,4.30438,4.3204,4.3204,0
2020-02-11,4.3232,4.3355,4.2965,4.320975,4.320975,0
2020-02-12,4.327531,4.3473,4.3235,4.327531,4.327531,0
2020-02-13,4.3546,4.3801,4.309545,4.3545,4.3545,0
2020-02-14,4.346647,4.3489,4.3005,4.346767,4.346767,0
2020-02-17,4.297,4.3237,4.294353,4.297,4.297,0
2020-02-18,4.3266,4.3539,4.321498,4.3265,4.3265,0
2020-02-19,4.3549,4.3754,4.352478,4.3548,4.3548,0
2020-02-20,4.3644,4.3956,4.329676,4.364,4.364,0
2020-02-21,4.390741,4.4032,4.3711,4.3923,4.3923,0
2020-02-24,4.3898,4.3995,4.365236,4.3898,4.3898,0
2020-02-25,4.3868,4.3887,4.366822,4.3866,4.3866,0
2020-02-26,4.3868,4.4322,4.350477,4.3868,4.3868,0
2020-02-27,4.4495,4.4979,4.446161,4.4491,4.4491,0
2020-02-28,4.482665,4.5123,4.461548,4.4848,4.4848,0
2020-03-02,4.4413,4.5026,4.4413,4.4413,4.4413,0
2020-03-03,4.4725,4.5071,4.448661,4.4724,4.4724,0
2020-03-04,4.5132,4.5558,4.501889,4.5132,4.5132,0
2020-03-05,4.5834,4.6533,4.580981,4.5834,4.5834,0
2020-03-06,4.604031,4.6691,4.602803,4.6062,4.6062,0
2020-03-09,4.6255,4.7889,4.62118,4.5898,4.5898,0
2020-03-10,4.723,4.7249,4.6552,4.7229,4.7229,0
2020-03-11,4.6425,4.6831,4.6152,4.6421,4.6421,0
2020-03-12,4.8134,5.0157,4.810665,4.8138,4.8138,0
2020-03-13,4.7904,4.7914,4.6483,4.7902,4.7902,0
2020-03-16,4.8526,4.988126,4.8526,4.8526,4.8526,0
2020-03-17,4.9994,5.0778,4.996051,4.999,4.999,0
2020-03-18,5.0099,5.1989,4.9835,5.0097,5.0097,0
2020-03-19,5.103829,5.2105,5.102208,5.103962,5.103962,0
2020-03-20,5.0948,5.097,4.9902,5.0942,5.0942,0
2020-03-23,5.0455,5.1332,5.006,5.0455,5.0455,0
2020-03-24,5.1417,5.1429,5.0388,5.1417,5.1417,0
2020-03-25,5.0986,5.10321,5.051,5.0981,5.0981,0
2020-03-26,5.031478,5.060156,4.9739,5.0337,5.0337,0
2020-03-27,5.0218,5.1162,4.981573,5.0226,5.0226,0
2020-03-30,5.1003,5.1756,5.077654,5.104629,5.104629,0
2020-03-31,5.190701,5.204,5.1665,5.1927,5.1927,0
2020-04-01,5.2039,5.2489,5.19839,5.2035,5.2035,0
2020-04-02,5.248,5.2759,5.2208,5.2482,5.2482,0
2020-04-03,5.255,5.3206,5.252046,5.2553,5.2553,0
2020-04-06,5.3404,5.3487,5.224,5.3485,5.3485,0
2020-04-07,5.2849,5.2864,5.185842,5.2853,5.2853,0
2020-04-08,5.2216,5.2447,5.1613,5.2217,5.2217,0
2020-04-09,5.1218,5.1505,5.05,5.1235,5.1235,0
2020-04-10,5.1058,5.1059,5.071152,5.1058,5.1058,0
2020-04-13,5.1056,5.2039,5.1048,5.1055,5.1055,0
2020-04-14,5.1986,5.2085,5.071872,5.1985,5.1985,0
2020-04-15,5.160036,5.2644,5.159709,5.162,5.162,0
2020-04-16,5.2382,5.2603,5.2025,5.237,5.237,0
2020-04-17,5.2325,5.2721,5.1995,5.2309,5.2309,0
2020-04-20,5.2337,5.2985,5.233072,5.2327,5.2327,0
2020-04-21,5.316,5.3173,5.312491,5.3154,5.3154,0
2020-04-22,5.3155,5.3975,5.3038,5.315,5.315,0
2020-04-23,5.4566,5.481,5.401,5.4569,5.4569,0
2020-04-24,5.5336,5.7135,5.5012,5.5331,5.5331,0
2020-04-27,5.5921,5.6825,5.5383,5.5726,5.5726,0
2020-04-28,5.6532,5.654,5.5472,5.6526,5.6526,0
2020-04-29,5.4966,5.520564,5.37303,5.4974,5.4974,0
2020-04-30,5.3349,5.4417,5.331065,5.3348,5.3348,0
2020-05-01,5.486,5.4895,5.4848,5.486,5.486,0
2020-05-04,5.4853,5.5991,5.481905,5.477,5.477,0
2020-05-05,5.539295,5.5627,5.481327,5.5406,5.5406,0
2020-05-06,5.5782,5.6865,5.57552,5.5781,5.5781,0
2020-05-07,5.7144,5.871,5.71152,5.7152,5.7152,0
2020-05-08,5.8308,5.8319,5.72125,5.828719,5.828719,0
2020-05-11,5.7308,5.8146,5.729079,5.477,5.477,0
2020-05-12,5.8171,5.821,5.7432,5.8171,5.8171,0
2020-05-13,5.885,5.9287,5.8181,5.8848,5.8848,0
2020-05-14,5.8863,5.966484,5.882761,5.8864,5.8864,0
2020-05-15,5.8094,5.8647,5.7611,5.8094,5.8094,0
2020-05-18,5.8547,5.8551,5.7065,5.8552,5.8552,0
2020-05-19,5.7192,5.7593,5.683305,5.719,5.719,0
2020-05-20,5.7549,5.7574,5.672,5.7552,5.7552,0
2020-05-21,5.6922,5.699414,5.566444,5.6905,5.6905,0
2020-05-22,5.5524,5.6182,5.5486,5.5524,5.5524,0
2020-05-25,5.4771,5.5338,5.440687,5.5287,5.5287,0
2020-05-26,5.4433,5.4449,5.3455,5.4434,5.4434,0
2020-05-27,5.3447,5.3523,5.268927,5.344,5.344,0
2020-05-28,5.2727,5.3564,5.268989,5.2727,5.2727,0
2020-05-29,5.4031,5.4575,5.338137,5.4036,5.4036,0
2020-06-01,5.3349,5.3951,5.311857,5.3348,5.3348,0
2020-06-02,5.366,5.3685,5.211941,5.3665,5.3665,0
2020-06-03,5.1991,5.2005,5.0178,5.1993,5.1993,0
2020-06-04,5.0618,5.137,5.023722,5.0616,5.0616,0
2020-06-05,5.117,5.1183,4.9334,5.1172,5.1172,0
2020-06-08,4.9594,4.9717,4.882455,4.9595,4.9595,0
2020-06-09,4.8215,4.9322,4.818516,4.8216,4.8216,0
2020-06-10,4.8995,4.9115,4.847563,4.8984,4.8984,0
2020-06-11,4.9726,4.9756,4.952904,4.9722,4.9722,0
2020-06-12,4.9751,5.1048,4.97245,4.975,4.975,0
2020-06-15,5.3613,5.3613,5.0466,5.0478,5.0478,0
2020-06-16,5.152805,5.2064,5.0478,5.153207,5.153207,0
2020-06-17,5.2428,5.2681,5.1841,5.2436,5.2436,0
2020-06-18,5.2274,5.373,5.224581,5.2279,5.2279,0
2020-06-19,5.3764,5.3807,5.3234,5.3772,5.3772,0
2020-06-22,5.1405,5.3132,5.1405,5.31,5.31,0
2020-06-23,5.2519,5.2544,5.1458,5.2519,5.2519,0
2020-06-24,5.151,5.3178,5.148539,5.151,5.151,0
2020-06-25,5.3477,5.3697,5.2658,5.3466,5.3466,0
2020-06-26,5.3597,5.4898,5.356802,5.3595,5.3595,0
2020-06-29,5.48473,5.4852,5.391565,5.4809,5.4809,0
2020-06-30,5.4024,5.5048,5.396723,5.4021,5.4021,0
2020-07-01,5.4614,5.465569,5.34,5.4617,5.4617,0
2020-07-02,5.3166,5.3407,5.2676,5.3162,5.3162,0
2020-07-03,5.3585,5.377,5.3144,5.3589,5.3589,0
2020-07-06,5.1405,5.3467,5.1405,5.3114,5.3114,0
2020-07-07,5.3541,5.395174,5.2853,5.3543,5.3543,0
2020-07-08,5.3777,5.3911,5.3184,5.3778,5.3778,0
2020-07-09,5.3426,5.3449,5.241,5.3426,5.3426,0
2020-07-10,5.335637,5.3895,5.322079,5.3378,5.3378,0
2020-07-13,5.3236,5.3693,5.314786,5.3269,5.3269,0
2020-07-14,5.4014,5.4496,5.3464,5.4015,5.4015,0
2020-07-15,5.367,5.3691,5.29016,5.3668,5.3668,0
2020-07-16,5.3666,5.384,5.330767,5.366948,5.366948,0
2020-07-17,5.3299,5.3572,5.314331,5.3307,5.3307,0
2020-07-20,5.3826,5.3868,5.3344,5.3853,5.3853,0
2020-07-21,5.3277,5.329,5.1804,5.3277,5.3277,0
2020-07-22,5.169,5.1959,5.0929,5.1698,5.1698,0
2020-07-23,5.1184,5.1949,5.115872,5.1181,5.1181,0
2020-07-24,5.2104,5.2497,5.182795,5.2106,5.2106,0
2020-07-27,5.2298,5.2325,5.153,5.2291,5.2291,0
2020-07-28,5.1431,5.197742,5.122965,5.141422,5.141422,0
2020-07-29,5.1514,5.1593,5.111319,5.1523,5.1523,0
2020-07-30,5.1686,5.2118,5.148353,5.1688,5.1688,0
2020-07-31,5.1533,5.2193,5.151209,5.1539,5.1539,0
2020-08-03,5.2217,5.3332,5.196744,5.2212,5.2212,0
2020-08-04,5.3187,5.3739,5.304333,5.3187,5.3187,0
2020-08-05,5.2902,5.2943,5.2325,5.2902,5.2902,0
2020-08-06,5.2908,5.36608,5.250092,5.2909,5.2909,0
2020-08-07,5.3304,5.4353,5.329171,5.3313,5.3313,0
2020-08-10,5.4371,5.4382,5.3474,5.4372,5.4372,0
2020-08-11,5.48,5.4837,5.399079,5.4805,5.4805,0
2020-08-12,5.3803,5.4833,5.377404,5.3804,5.3804,0
2020-08-13,5.4352,5.4359,5.357,5.435,5.435,0
2020-08-14,5.3669,5.42,5.357778,5.367,5.367,0
2020-08-17,5.4246,5.4765,5.40984,5.4208,5.4208,0
2020-08-18,5.5085,5.5098,5.4168,5.5083,5.5083,0
2020-08-19,5.4669,5.5046,5.434825,5.4654,5.4654,0
2020-08-20,5.5565,5.667801,5.540347,5.5564,5.5564,0
2020-08-21,5.5557,5.6315,5.552826,5.5559,5.5559,0
2020-08-24,5.6232,5.6236,5.557193,5.6186,5.6186,0
2020-08-25,5.6097,5.613491,5.556106,5.6106,5.6106,0
2020-08-26,5.5072,5.6056,5.505211,5.5074,5.5074,0
2020-08-27,5.6073,5.6174,5.557,5.6072,5.6072,0
2020-08-28,5.5685,5.5699,5.440155,5.5687,5.5687,0
2020-08-31,5.3909,5.4925,5.363298,5.39,5.39,0
2020-09-01,5.4914,5.4925,5.3557,5.4909,5.4909,0
2020-09-02,5.3967,5.422366,5.343658,5.3973,5.3973,0
2020-09-03,5.3384,5.3714,5.2876,5.3387,5.3387,0
2020-09-04,5.2901,5.3243,5.248,5.2899,5.2899,0
2020-09-07,5.303,5.3033,5.295871,5.301,5.301,0
2020-09-08,5.2984,5.4045,5.295667,5.2983,5.2983,0
2020-09-09,5.3612,5.3636,5.2827,5.3606,5.3606,0
2020-09-10,5.3074,5.315626,5.266363,5.3085,5.3085,0
2020-09-11,5.318638,5.3218,5.259,5.3205,5.3205,0
2020-09-14,5.3216,5.3222,5.282482,5.3162,5.3162,0
2020-09-15,5.2681,5.296,5.2193,5.2683,5.2683,0
2020-09-16,5.2746,5.2754,5.2225,5.2743,5.2743,0
2020-09-17,5.2362,5.2893,5.219995,5.236,5.236,0
2020-09-18,5.238,5.3081,5.192559,5.2378,5.2378,0
2020-09-21,5.3965,5.4947,5.385089,5.3898,5.3898,0
2020-09-22,5.413,5.4721,5.381,5.4126,5.4126,0
2020-09-23,5.4705,5.5568,5.467055,5.4699,5.4699,0
2020-09-24,5.5921,5.6212,5.5293,5.5924,5.5924,0
2020-09-25,5.5084,5.586,5.506018,5.5084,5.5084,0
2020-09-28,5.5586,5.6207,5.512735,5.5611,5.5611,0
2020-09-29,5.6601,5.6675,5.6084,5.6602,5.6602,0
2020-09-30,5.6305,5.6653,5.605298,5.6305,5.6305,0
2020-10-01,5.6093,5.6537,5.576709,5.6084,5.6084,0
2020-10-02,5.6424,5.6835,5.605516,5.642,5.642,0
2020-10-05,5.6842,5.6873,5.608517,5.6816,5.6816,0
2020-10-06,5.5734,5.5745,5.4845,5.5734,5.5734,0
2020-10-07,5.5928,5.634,5.551,5.5938,5.5938,0
2020-10-08,5.611,5.6431,5.581089,5.6113,5.6113,0
2020-10-09,5.5989,5.5998,5.5107,5.5986,5.5986,0
2020-10-12,5.5249,5.5323,5.5246,5.529,5.529,0
2020-10-13,5.53,5.6226,5.5217,5.5297,5.5297,0
2020-10-14,5.5679,5.580483,5.5331,5.5685,5.5685,0
2020-10-15,5.5907,5.644,5.588037,5.5905,5.5905,0
2020-10-16,5.6107,5.6394,5.5979,5.6112,5.6112,0
2020-10-19,5.6448,5.6459,5.568535,5.6448,5.6448,0
2020-10-20,5.6056,5.6239,5.5663,5.6056,5.6056,0
2020-10-21,5.6042,5.6255,5.571,5.6042,5.6042,0
2020-10-22,5.6071,5.6239,5.5732,5.6078,5.6078,0
2020-10-23,5.5912,5.6307,5.563704,5.5913,5.5913,0
2020-10-26,5.6182,5.6602,5.6116,5.6162,5.6162,0
2020-10-27,5.6227,5.6563,5.5994,5.6227,5.6227,0
2020-10-28,5.7051,5.7886,5.699979,5.7052,5.7052,0
2020-10-29,5.745,5.7863,5.7425,5.7449,5.7449,0
2020-10-30,5.7774,5.8035,5.735548,5.7778,5.7778,0
2020-11-02,5.7382,5.774,5.722023,5.7414,5.7414,0
2020-11-03,5.7412,5.7423,5.6506,5.7411,5.7411,0
2020-11-04,5.7554,5.7618,5.6479,5.7549,5.7549,0
2020-11-05,5.6627,5.6638,5.5393,5.663,5.663,0
2020-11-06,5.5236,5.5716,5.4526,5.5234,5.5234,0
2020-11-09,5.3646,5.3785,5.2236,5.3627,5.3627,0
2020-11-10,5.3841,5.4057,5.335909,5.3847,5.3847,0
2020-11-11,5.4138,5.4477,5.3761,5.4139,5.4139,0
2020-11-12,5.3904,5.431,5.3534,5.39,5.39,0
2020-11-13,5.455061,5.5226,5.451171,5.4567,5.4567,0
2020-11-16,5.4581,5.4581,5.3662,5.457,5.457,0
2020-11-17,5.4149,5.4198,5.337858,5.4149,5.4149,0
2020-11-18,5.3276,5.3388,5.275787,5.3272,5.3272,0
2020-11-19,5.3615,5.3713,5.295114,5.3617,5.3617,0
2020-11-20,5.3043,5.3898,5.285496,5.3045,5.3045,0
2020-11-23,5.3792,5.446,5.340487,5.3781,5.3781,0
2020-11-24,5.4394,5.4444,5.376184,5.4406,5.4406,0
2020-11-25,5.3726,5.3955,5.313,5.3726,5.3726,0
2020-11-26,5.322,5.3558,5.3043,5.3226,5.3226,0
2020-11-27,5.3353,5.3764,5.298853,5.3353,5.3353,0
2020-11-30,5.344,5.3914,5.275783,5.3425,5.3425,0
2020-12-01,5.3311,5.3597,5.2432,5.3311,5.3311,0
2020-12-02,5.2048,5.251585,5.20308,5.2049,5.2049,0
2020-12-03,5.2161,5.2268,5.118926,5.2163,5.2163,0
2020-12-04,5.1511,5.1823,5.1244,5.151,5.151,0
2020-12-07,5.1555,5.1673,5.0555,5.1544,5.1544,0
2020-12-08,5.0984,5.1244,5.0632,5.0983,5.0983,0
2020-12-09,5.1193,5.1613,5.0873,5.1197,5.1197,0
2020-12-10,5.1697,5.1701,5.0428,5.1697,5.1697,0
2020-12-11,5.024,5.0864,5.022274,5.0242,5.0242,0
2020-12-14,5.0656,5.1276,5.009974,5.0642,5.0642,0
2020-12-15,5.1178,5.1214,5.0758,5.1177,5.1177,0
2020-12-16,5.0808,5.136353,5.066868,5.078884,5.078884,0
2020-12-17,5.0824,5.0848,5.0417,5.0832,5.0832,0
2020-12-18,5.057,5.1146,5.054705,5.0569,5.0569,0
2020-12-21,5.101,5.2203,5.0977,5.1006,5.1006,0
2020-12-22,5.1218,5.1683,5.102396,5.118938,5.118938,0
2020-12-23,5.156904,5.2099,5.127974,5.156655,5.156655,0
2020-12-24,5.2155,5.2162,5.2098,5.2153,5.2153,0
2020-12-25,5.2153,5.2178,5.198794,5.2153,5.2153,0
2020-12-28,5.1754,5.3055,5.162493,5.2153,5.2153,0
2020-12-29,5.2452,5.2462,5.164862,5.2459,5.2459,0
2020-12-30,5.2086,5.230639,5.15601,5.2086,5.2086,0
2020-12-31,5.190624,5.191561,5.17247,5.190839,5.190839,0
2021-01-01,5.1921,5.199149,5.1916,5.1921,5.1921,0
2021-01-04,5.1728,5.2528,5.1164,5.1919,5.1919,0
2021-01-05,5.295,5.3503,5.2746,5.2953,5.2953,0
2021-01-06,5.2845,5.34668,5.231207,5.2841,5.2841,0
2021-01-07,5.3133,5.405568,5.2967,5.3129,5.3129,0
2021-01-08,5.4087,5.4114,5.3204,5.4088,5.4088,0
2021-01-11,5.4175,5.512,5.4146,5.412188,5.412188,0
2021-01-12,5.4883,5.4902,5.40577,5.4877,5.4877,0
2021-01-13,5.3211,5.35,5.2685,5.3214,5.3214,0
2021-01-14,5.2978,5.301479,5.2111,5.2975,5.2975,0
2021-01-15,5.1958,5.29164,5.193143,5.1958,5.1958,0
2021-01-18,5.2896,5.3206,5.235958,5.2913,5.2913,0
2021-01-19,5.295,5.3458,5.2441,5.2948,5.2948,0
2021-01-20,5.3562,5.3574,5.275,5.3567,5.3567,0
2021-01-21,5.2903,5.3969,5.233826,5.2905,5.2905,0
2021-01-22,5.3494,5.4617,5.346981,5.3495,5.3495,0
2021-01-25,5.466,5.4673,5.4633,5.4655,5.4655,0
2021-01-26,5.463792,5.4705,5.341591,5.4655,5.4655,0
2021-01-27,5.354,5.4173,5.3492,5.3538,5.3538,0
2021-01-28,5.4119,5.4541,5.388964,5.4126,5.4126,0
2021-01-29,5.437484,5.5037,5.411807,5.437989,5.437989,0
2021-02-01,5.4608,5.4825,5.417943,5.4608,5.4608,0
2021-02-02,5.4312,5.4335,5.3532,5.4305,5.4305,0
2021-02-03,5.365369,5.3905,5.3213,5.3669,5.3669,0
2021-02-04,5.350557,5.4276,5.336679,5.352,5.352,0
2021-02-05,5.4256,5.4531,5.344792,5.4257,5.4257,0
2021-02-08,5.3702,5.4161,5.3073,5.3692,5.3692,0
2021-02-09,5.3643,5.4448,5.357335,5.3643,5.3643,0
2021-02-10,5.3766,5.4321,5.3533,5.3767,5.3767,0
2021-02-11,5.3849,5.3925,5.33369,5.3849,5.3849,0
2021-02-12,5.3654,5.4076,5.357,5.3654,5.3654,0
2021-02-15,5.3688,5.3715,5.363756,5.3686,5.3686,0
2021-02-16,5.3678,5.3697,5.36508,5.368,5.368,0
2021-02-17,5.3695,5.4269,5.3644,5.3694,5.3694,0
2021-02-18,5.407808,5.4483,5.3864,5.4098,5.4098,0
2021-02-19,5.4255,5.465879,5.364963,5.4258,5.4258,0
2021-02-22,5.3818,5.528032,5.3776,5.3807,5.3807,0
2021-02-23,5.4648,5.4786,5.408785,5.4634,5.4634,0
2021-02-24,5.4395,5.447591,5.3897,5.4396,5.4396,0
2021-02-25,5.403075,5.5095,5.4018,5.402964,5.402964,0
2021-02-26,5.527746,5.5811,5.49,5.528025,5.528025,0
2021-03-01,5.6024,5.6069,5.5568,5.5976,5.5976,0
2021-03-02,5.6407,5.73,5.6372,5.6407,5.6407,0
2021-03-03,5.675,5.7691,5.668253,5.6751,5.6751,0
2021-03-04,5.616453,5.6354,5.5451,5.6175,5.6175,0
2021-03-05,5.6686,5.715438,5.6555,5.6683,5.6683,0
2021-03-08,5.691,5.757612,5.650807,5.6895,5.6895,0
2021-03-09,5.8746,5.8775,5.7995,5.8746,5.8746,0
2021-03-10,5.8012,5.8108,5.668088,5.8015,5.8015,0
2021-03-11,5.6711,5.6715,5.541,5.6711,5.6711,0
2021-03-12,5.5347,5.58089,5.5309,5.5348,5.5348,0
2021-03-15,5.495756,5.6525,5.495756,5.495156,5.495156,0
2021-03-16,5.6145,5.624927,5.5564,5.6145,5.6145,0
2021-03-17,5.623,5.6774,5.617529,5.6234,5.6234,0
2021-03-18,5.5832,5.5846,5.4761,5.5831,5.5831,0
2021-03-19,5.5587,5.5624,5.4602,5.5587,5.5587,0
2021-03-22,5.4893,5.5451,5.468639,5.493563,5.493563,0
2021-03-23,5.5053,5.544062,5.4747,5.5055,5.5055,0
2021-03-24,5.5197,5.5657,5.491139,5.5204,5.5204,0
2021-03-25,5.6197,5.6775,5.616953,5.6196,5.6196,0
2021-03-26,5.6488,5.716139,5.625531,5.6484,5.6484,0
2021-03-29,5.7525,5.8028,5.75,5.7524,5.7524,0
2021-03-30,5.7811,5.7986,5.732072,5.7808,5.7808,0
2021-03-31,5.7713,5.7727,5.6362,5.7716,5.7716,0
2021-04-01,5.6317,5.7057,5.6081,5.6313,5.6313,0
2021-04-02,5.7074,5.7098,5.7065,5.7074,5.7074,0
2021-04-05,5.7106,5.7109,5.6324,5.7106,5.7106,0
2021-04-06,5.6627,5.671903,5.599271,5.6627,5.6627,0
2021-04-07,5.5932,5.6149,5.5474,5.5932,5.5932,0
2021-04-08,5.612,5.6134,5.5646,5.6121,5.6121,0
2021-04-09,5.5668,5.6695,5.543353,5.5666,5.5666,0
2021-04-12,5.677,5.6999,5.6306,5.6793,5.6793,0
2021-04-13,5.7321,5.7533,5.6627,5.7322,5.7322,0
2021-04-14,5.7162,5.7311,5.662968,5.7163,5.7163,0
2021-04-15,5.6524,5.6566,5.5963,5.6529,5.6529,0
2021-04-16,5.613008,5.6748,5.5952,5.615,5.615,0
2021-04-19,5.587,5.6185,5.538676,5.5858,5.5858,0
2021-04-20,5.5444,5.5837,5.501899,5.5453,5.5453,0
2021-04-21,5.568,5.5698,5.54857,5.5679,5.5679,0
2021-04-22,5.568,5.5689,5.48016,5.5679,5.5679,0
2021-04-23,5.4433,5.5197,5.4242,5.4432,5.4432,0
2021-04-26,5.4771,5.4865,5.4376,5.4772,5.4772,0
2021-04-27,5.4351,5.4614,5.415767,5.4353,5.4353,0
2021-04-28,5.4509,5.4545,5.3852,5.451,5.451,0
2021-04-29,5.3414,5.377,5.338385,5.3414,5.3414,0
2021-04-30,5.3364,5.4355,5.316004,5.3364,5.3364,0
2021-05-03,5.4397,5.4517,5.372536,5.4397,5.4397,0
2021-05-04,5.4382,5.4781,5.4314,5.4381,5.4381,0
2021-05-05,5.4434,5.4443,5.3626,5.4426,5.4426,0
2021-05-06,5.3527,5.3725,5.2571,5.3527,5.3527,0
2021-05-07,5.273467,5.2903,5.2032,5.273431,5.273431,0
2021-05-10,5.2359,5.2488,5.1984,5.2355,5.2355,0
2021-05-11,5.2226,5.279,5.205,5.2222,5.2222,0
2021-05-12,5.2213,5.2669,5.21,5.2212,5.2212,0
2021-05-13,5.300813,5.3192,5.2516,5.3031,5.3031,0
2021-05-14,5.3074,5.3084,5.2505,5.3077,5.3077,0
2021-05-17,5.2696,5.3179,5.24997,5.2695,5.2695,0
2021-05-18,5.2717,5.2786,5.229191,5.2715,5.2715,0
2021-05-19,5.2596,5.3034,5.257332,5.2595,5.2595,0
2021-05-20,5.3084,5.3099,5.2753,5.308,5.308,0
2021-05-21,5.2814,5.3272,5.271,5.2813,5.2813,0
2021-05-24,5.3628,5.3663,5.3111,5.3618,5.3618,0
2021-05-25,5.3186,5.3205,5.2932,5.3185,5.3185,0
2021-05-26,5.3304,5.3394,5.2862,5.3307,5.3307,0
2021-05-27,5.3105,5.3122,5.25845,5.3105,5.3105,0
2021-05-28,5.2381,5.258425,5.217302,5.2382,5.2382,0
2021-05-31,5.2379,5.258302,5.1976,5.238,5.238,0
2021-06-01,5.2168,5.22,5.145081,5.2166,5.2166,0
2021-06-02,5.15,5.1718,5.0666,5.1497,5.1497,0
2021-06-03,5.0745,5.078,5.072352,5.0745,5.0745,0
2021-06-04,5.0766,5.1076,5.0537,5.0763,5.0763,0
2021-06-07,5.0447,5.0661,5.0183,5.0446,5.0446,0
2021-06-08,5.043358,5.0663,5.0199,5.0452,5.0452,0
2021-06-09,5.0352,5.0667,5.0183,5.0349,5.0349,0
2021-06-10,5.059751,5.0777,5.030888,5.0615,5.0615,0
2021-06-11,5.0545,5.1364,5.038696,5.0545,5.0545,0
2021-06-14,5.1169,5.1175,5.0542,5.117,5.117,0
2021-06-15,5.0588,5.1011,5.05622,5.0586,5.0586,0
2021-06-16,5.043097,5.049556,4.991703,5.0438,5.0438,0
2021-06-17,5.0541,5.0725,5.0078,5.0543,5.0543,0
2021-06-18,5.0073,5.0542,4.980168,5.0074,5.0074,0
2021-06-21,5.0959,5.096,5.0274,5.096,5.096,0
2021-06-22,5.0129,5.0425,4.9948,5.0131,5.0131,0
2021-06-23,4.956147,4.9771,4.9376,4.9571,4.9571,0
2021-06-24,4.9652,4.9706,4.9144,4.9652,4.9652,0
2021-06-25,4.9129,4.9436,4.893,4.9127,4.9127,0
2021-06-28,4.9146,4.9697,4.897337,4.9154,4.9154,0
2021-06-29,4.9245,4.9679,4.922471,4.9248,4.9248,0
2021-06-30,4.95318,5.0203,4.952957,4.9551,4.9551,0
2021-07-01,4.9691,5.046,4.9455,4.9692,4.9692,0
2021-07-02,5.045175,5.0704,4.9856,5.045102,5.045102,0
2021-07-05,5.0591,5.0901,5.013576,5.0592,5.0592,0
2021-07-06,5.08878,5.2001,5.0758,5.088459,5.088459,0
2021-07-07,5.193614,5.2791,5.1709,5.1953,5.1953,0
2021-07-08,5.228895,5.309,5.228037,5.2312,5.2312,0
2021-07-09,5.2582,5.2591,5.237449,5.258,5.258,0
2021-07-12,5.1962,5.2807,5.153448,5.2579,5.2579,0
2021-07-13,5.1728,5.238,5.150934,5.1727,5.1727,0
2021-07-14,5.1614,5.1641,5.0663,5.1624,5.1624,0
2021-07-15,5.0703,5.1216,5.055826,5.0699,5.0699,0
2021-07-16,5.1103,5.1239,5.0749,5.11,5.11,0
2021-07-19,5.1153,5.2153,5.111008,5.1154,5.1154,0
2021-07-20,5.2505,5.2915,5.2067,5.2509,5.2509,0
2021-07-21,5.2194,5.2752,5.217897,5.2199,5.2199,0
2021-07-22,5.185374,5.2214,5.16878,5.1873,5.1873,0
2021-07-23,5.1998,5.2016,5.1577,5.1996,5.1996,0
2021-07-26,5.198,5.2276,5.1629,5.1979,5.1979,0
2021-07-27,5.1754,5.2019,5.1476,5.1754,5.1754,0
2021-07-28,5.1686,5.171,5.128564,5.1691,5.1691,0
2021-07-29,5.1148,5.1159,5.042597,5.1148,5.1148,0
2021-07-30,5.0803,5.1522,5.0758,5.0804,5.0804,0
2021-08-02,5.2086,5.2143,5.1156,5.2087,5.2087,0
2021-08-03,5.1746,5.2712,5.1692,5.1746,5.1746,0
2021-08-04,5.1967,5.2413,5.164047,5.1968,5.1968,0
2021-08-05,5.1681,5.1758,5.11,5.1682,5.1682,0
2021-08-06,5.2452,5.270963,5.2067,5.2452,5.2452,0
2021-08-09,5.2355,5.2965,5.2266,5.232,5.232,0
2021-08-10,5.2316,5.2598,5.1905,5.2318,5.2318,0
2021-08-11,5.1886,5.2315,5.159,5.1883,5.1883,0
2021-08-12,5.2182,5.2537,5.2128,5.2182,5.2182,0
2021-08-13,5.2523,5.2777,5.223206,5.2522,5.2522,0
2021-08-16,5.2475,5.2901,5.2241,5.2475,5.2475,0
2021-08-17,5.2596,5.294,5.235045,5.2597,5.2597,0
2021-08-18,5.2943,5.3525,5.2627,5.2943,5.2943,0
2021-08-19,5.3787,5.4496,5.376155,5.3786,5.3786,0
2021-08-20,5.4143,5.4718,5.34,5.4141,5.4141,0
2021-08-23,5.384409,5.4043,5.339,5.379,5.379,0
2021-08-24,5.3801,5.3814,5.2563,5.3799,5.3799,0
2021-08-25,5.2459,5.2667,5.2263,5.2458,5.2458,0
2021-08-26,5.211,5.2561,5.207356,5.211,5.211,0
2021-08-27,5.2518,5.2585,5.1897,5.2516,5.2516,0
2021-08-30,5.203,5.2223,5.182,5.2028,5.2028,0
2021-08-31,5.1832,5.1925,5.1158,5.1829,5.1829,0
2021-09-01,5.147381,5.1853,5.1414,5.1493,5.1493,0
2021-09-02,5.1852,5.1971,5.1412,5.1846,5.1846,0
2021-09-03,5.1819,5.1892,5.1311,5.1818,5.1818,0
2021-09-06,5.1925,5.2087,5.1547,5.1898,5.1898,0
2021-09-07,5.1691,5.1699,5.166947,5.1693,5.1693,0
2021-09-08,5.1688,5.3068,5.166941,5.1696,5.1696,0
2021-09-09,5.3207,5.3309,5.2609,5.3206,5.3206,0
2021-09-10,5.1967,5.2357,5.163162,5.1965,5.1965,0
2021-09-13,5.2469,5.2644,5.201,5.247,5.247,0
2021-09-14,5.213,5.2488,5.192441,5.2132,5.2132,0
2021-09-15,5.2386,5.2694,5.192595,5.2389,5.2389,0
2021-09-16,5.2217,5.2766,5.219645,5.2217,5.2217,0
2021-09-17,5.2568,5.3448,5.252091,5.2568,5.2568,0
2021-09-20,5.2896,5.3437,5.281905,5.2897,5.2897,0
2021-09-21,5.3234,5.3328,5.286,5.3232,5.3232,0
2021-09-22,5.2692,5.2896,5.248199,5.2689,5.2689,0
2021-09-23,5.2878,5.3075,5.2576,5.2877,5.2877,0
2021-09-24,5.3023,5.3522,5.254443,5.3019,5.3019,0
2021-09-27,5.3369,5.3623,5.3081,5.337,5.337,0
2021-09-28,5.3904,5.4393,5.386203,5.3904,5.3904,0
2021-09-29,5.4275,5.4413,5.393283,5.4276,5.4276,0
2021-09-30,5.4142,5.455032,5.3678,5.4143,5.4143,0
2021-10-01,5.4417,5.4429,5.3618,5.4417,5.4417,0
2021-10-04,5.3678,5.4402,5.36,5.3679,5.3679,0
2021-10-05,5.4533,5.472,5.425,5.4532,5.4532,0
2021-10-06,5.4754,5.5209,5.452891,5.4755,5.4755,0
2021-10-07,5.4923,5.5252,5.4669,5.4919,5.4919,0
2021-10-08,5.517,5.5275,5.4818,5.517,5.517,0
2021-10-11,5.5102,5.5253,5.4947,5.5069,5.5069,0
2021-10-12,5.5354,5.5363,5.5253,5.536,5.536,0
2021-10-13,5.5317,5.5608,5.508,5.5315,5.5315,0
2021-10-14,5.5125,5.5249,5.4687,5.5125,5.5125,0
2021-10-15,5.5122,5.5144,5.4328,5.5122,5.5122,0
2021-10-18,5.4584,5.5398,5.45413,5.4584,5.4584,0
2021-10-19,5.5113,5.5706,5.508457,5.5113,5.5113,0
2021-10-20,5.5838,5.5917,5.534639,5.5833,5.5833,0
2021-10-21,5.5964,5.671117,5.593996,5.5963,5.5963,0
2021-10-22,5.6577,5.7522,5.655505,5.6578,5.6578,0
2021-10-25,5.6492,5.6507,5.5802,5.6492,5.6492,0
2021-10-26,5.5537,5.5884,5.54736,5.5544,5.5544,0
2021-10-27,5.5655,5.5888,5.5376,5.5648,5.5648,0
2021-10-28,5.5351,5.6328,5.532808,5.535,5.535,0
2021-10-29,5.6449,5.659,5.6147,5.6449,5.6449,0
2021-11-01,5.6355,5.6862,5.619,5.6337,5.6337,0
2021-11-02,5.6788,5.6798,5.661,5.6789,5.6789,0
2021-11-03,5.6787,5.6957,5.61317,5.6786,5.6786,0
2021-11-04,5.5518,5.6157,5.549321,5.5524,5.5524,0
2021-11-05,5.59964,5.6042,5.5226,5.6017,5.6017,0
2021-11-08,5.5386,5.593,5.5386,5.5411,5.5411,0
2021-11-09,5.543,5.5452,5.4725,5.5431,5.5431,0
2021-11-10,5.4791,5.500208,5.434157,5.4791,5.4791,0
2021-11-11,5.4903,5.4944,5.3916,5.4899,5.4899,0
2021-11-12,5.3979,5.4397,5.3948,5.398,5.398,0
2021-11-15,5.456,5.4578,5.452592,5.4576,5.4576,0
2021-11-16,5.4562,5.505,5.4292,5.4563,5.4563,0
2021-11-17,5.502,5.5155,5.4667,5.5022,5.5022,0
2021-11-18,5.5287,5.5646,5.475345,5.5287,5.5287,0
2021-11-19,5.5561,5.5754,5.5217,5.5564,5.5564,0
2021-11-22,5.6072,5.6144,5.5633,5.6116,5.6116,0
2021-11-23,5.5858,5.6601,5.565159,5.5856,5.5856,0
2021-11-24,5.571,5.6203,5.5556,5.5704,5.5704,0
2021-11-25,5.605,5.6063,5.546894,5.6052,5.6052,0
2021-11-26,5.5655,5.640082,5.563051,5.5651,5.5651,0
2021-11-29,5.5569,5.6351,5.5569,5.6078,5.6078,0
2021-11-30,5.598604,5.6646,5.578417,5.6007,5.6007,0
2021-12-01,5.620926,5.6369,5.5847,5.620871,5.620871,0
2021-12-02,5.692401,5.6943,5.6144,5.691567,5.691567,0
2021-12-03,5.643322,5.6786,5.6012,5.643322,5.643322,0
2021-12-06,5.6521,5.6977,5.636,5.650099,5.650099,0
2021-12-07,5.688,5.6898,5.6242,5.688,5.688,0
2021-12-08,5.6128,5.6329,5.525447,5.6118,5.6118,0
2021-12-09,5.5315,5.5843,5.5153,5.5316,5.5316,0
2021-12-10,5.5711,5.6315,5.5545,5.5711,5.5711,0
2021-12-13,5.608661,5.6743,5.6007,5.608661,5.608661,0
2021-12-14,5.6804,5.6814,5.618,5.6797,5.6797,0
2021-12-15,5.6807,5.7257,5.6585,5.6806,5.6806,0
2021-12-16,5.6793,5.7212,5.6557,5.6794,5.6794,0
2021-12-17,5.6873,5.7118,5.646862,5.6874,5.6874,0
2021-12-20,5.6914,5.7299,5.6887,5.69306,5.69306,0
2021-12-21,5.741,5.7519,5.7113,5.7413,5.7413,0
2021-12-22,5.7441,5.7453,5.6985,5.744,5.744,0
2021-12-23,5.6529,5.7161,5.627,5.653,5.653,0
2021-12-24,5.6739,5.6847,5.6703,5.671796,5.671796,0
2021-12-27,5.635,5.7047,5.6346,5.6711,5.6711,0
2021-12-28,5.6239,5.6595,5.604818,5.6241,5.6241,0
2021-12-29,5.6273,5.6916,5.624803,5.6275,5.6275,0
2021-12-30,5.7021,5.7028,5.5503,5.7027,5.7027,0
2021-12-31,5.5698,5.5906,5.566143,5.5702,5.5702,0
2022-01-03,5.4606,5.6707,5.4606,5.5693,5.5693,0
2022-01-04,5.6809,5.7076,5.6389,5.6812,5.6812,0
2022-01-05,5.676,5.6916,5.6418,5.6762,5.6762,0
2022-01-06,5.7077,5.7218,5.6828,5.705635,5.705635,0
2022-01-07,5.680289,5.7069,5.6199,5.6824,5.6824,0
2022-01-10,5.632,5.6895,5.6246,5.6322,5.6322,0
2022-01-11,5.6621,5.673,5.581573,5.6622,5.6622,0
2022-01-12,5.5684,5.5988,5.545577,5.5673,5.5673,0
2022-01-13,5.5331,5.558,5.497654,5.5332,5.5332,0
2022-01-14,5.5275,5.5505,5.523507,5.5267,5.5267,0
2022-01-17,5.5319,5.5341,5.4937,5.5333,5.5333,0
2022-01-18,5.5158,5.5465,5.5048,5.5158,5.5158,0
2022-01-19,5.5655,5.5663,5.459912,5.5657,5.5657,0
2022-01-20,5.4372,5.4568,5.3997,5.4372,5.4372,0
2022-01-21,5.415809,5.4735,5.4041,5.4181,5.4181,0
2022-01-24,5.4558,5.5171,5.448961,5.4571,5.4571,0
2022-01-25,5.4861,5.5177,5.4654,5.4861,5.4861,0
2022-01-26,5.440295,5.454,5.412,5.440704,5.440704,0
2022-01-27,5.429167,5.4321,5.3528,5.429167,5.429167,0
2022-01-28,5.403456,5.4242,5.3752,5.403485,5.403485,0
2022-01-31,5.3655,5.3958,5.282676,5.3626,5.3626,0
2022-02-01,5.3031,5.313705,5.2714,5.3031,5.3031,0
2022-02-02,5.2647,5.3119,5.255267,5.2645,5.2645,0
2022-02-03,5.2615,5.3196,5.25824,5.2609,5.2609,0
2022-02-04,5.2828,5.3486,5.2775,5.2829,5.2829,0
2022-02-07,5.3262,5.343,5.2768,5.3269,5.3269,0
2022-02-08,5.2628,5.2849,5.251,5.2626,5.2626,0
2022-02-09,5.256489,5.288,5.232774,5.2584,5.2584,0
2022-02-10,5.231429,5.2446,5.17,5.2345,5.2345,0
2022-02-11,5.2486,5.2512,5.1828,5.2487,5.2487,0
2022-02-14,5.2505,5.2633,5.1953,5.249956,5.249956,0
2022-02-15,5.2137,5.2199,5.166288,5.214,5.214,0
2022-02-16,5.158,5.184725,5.1438,5.1579,5.1579,0
2022-02-17,5.133567,5.18,5.121471,5.1358,5.1358,0
2022-02-18,5.168756,5.1751,5.1169,5.1706,5.1706,0
2022-02-21,5.1364,5.1499,5.0748,5.1375,5.1375,0
2022-02-22,5.1023,5.1066,5.046696,5.1027,5.1027,0
2022-02-23,5.0572,5.0606,4.9965,5.0571,5.0571,0
2022-02-24,5.006725,5.1466,5.0,5.0087,5.0087,0
2022-02-25,5.12052,5.1662,5.076349,5.1222,5.1222,0
2022-02-28,5.166,5.1665,5.1513,5.1594,5.1594,0
2022-03-01,5.1589,5.1599,5.154538,5.1584,5.1584,0
2022-03-02,5.1599,5.2124,5.1464,5.159,5.159,0
2022-03-03,5.0987,5.1076,5.0186,5.096503,5.096503,0
2022-03-04,5.031,5.0979,5.026275,5.0309,5.0309,0
2022-03-07,5.0589,5.088916,5.0262,5.06056,5.06056,0
2022-03-08,5.1101,5.11183,5.060375,5.1105,5.1105,0
2022-03-09,5.059,5.06,4.9838,5.0588,5.0588,0
2022-03-10,5.0111,5.0733,5.000905,5.0115,5.0115,0
2022-03-11,5.0102,5.053,4.9833,5.0097,5.0097,0
2022-03-14,5.0731,5.0838,5.037,5.0735,5.0735,0
2022-03-15,5.1217,5.1495,5.089902,5.1214,5.1214,0
2022-03-16,5.1632,5.1637,5.095,5.1632,5.1632,0
2022-03-17,5.076,5.1043,5.0401,5.073875,5.073875,0
2022-03-18,5.036666,5.0719,5.00842,5.0394,5.0394,0
2022-03-21,5.0178,5.0251,4.928282,5.0178,5.0178,0
2022-03-22,4.933,4.9489,4.903,4.9352,4.9352,0
2022-03-23,4.91,4.912,4.843,4.91,4.91,0
2022-03-24,4.8242,4.83757,4.763647,4.8242,4.8242,0
2022-03-25,4.8261,4.8285,4.7462,4.8263,4.8263,0
2022-03-28,4.7369,4.8158,4.730483,4.7369,4.7369,0
2022-03-29,4.7641,4.7711,4.714928,4.7641,4.7641,0
2022-03-30,4.7562,4.7863,4.7267,4.7562,4.7562,0
2022-03-31,4.7697,4.7908,4.723229,4.7697,4.7697,0
2022-04-01,4.7378,4.7396,4.689045,4.7378,4.7378,0
2022-04-04,4.6572,4.6701,4.604057,4.6572,4.6572,0
2022-04-05,4.5938,4.6691,4.5755,4.5938,4.5938,0
2022-04-06,4.6507,4.7126,4.6479,4.6507,4.6507,0
2022-04-07,4.7152,4.7699,4.6904,4.7152,4.7152,0
2022-04-08,4.7521,4.7913,4.707518,4.7521,4.7521,0
2022-04-11,4.698,4.7326,4.684016,4.6981,4.6981,0
2022-04-12,4.6936,4.6971,4.6215,4.6936,4.6936,0
2022-04-13,4.6731,4.7023,4.6532,4.6731,4.6731,0
2022-04-14,4.6902,4.7381,4.669788,4.6902,4.6902,0
2022-04-15,4.701,4.71,4.6965,4.701,4.701,0
2022-04-18,4.7006,4.7049,4.6593,4.7006,4.7006,0
2022-04-19,4.652,4.6838,4.637,4.652,4.652,0
2022-04-20,4.665,4.6767,4.609,4.665,4.665,0
2022-04-21,4.6208,4.6216,4.606555,4.6208,4.6208,0
2022-04-22,4.6208,4.7707,4.617611,4.6208,4.6208,0
2022-04-25,4.7952,4.943,4.790587,4.7952,4.7952,0
2022-04-26,4.8762,4.9958,4.873625,4.8762,4.8762,0
2022-04-27,4.9978,5.0364,4.97744,4.9978,4.9978,0
2022-04-28,4.9636,5.0409,4.960196,4.9636,4.9636,0
2022-04-29,4.9378,4.9548,4.858228,4.9378,4.9378,0
2022-05-02,4.9713,5.0402,4.9671,4.9713,4.9713,0
2022-05-03,5.0847,5.0858,4.9926,5.0847,5.0847,0
2022-05-04,4.9581,5.0285,4.954729,4.9581,4.9581,0
2022-05-05,4.9188,5.0528,4.903801,4.9188,4.9188,0
2022-05-06,5.028,5.1114,5.0091,5.028,5.028,0
2022-05-09,5.0804,5.148389,5.074281,5.0804,5.0804,0
2022-05-10,5.1609,5.1622,5.111,5.1609,5.1609,0
2022-05-11,5.1313,5.1651,5.091936,5.1313,5.1313,0
2022-05-12,5.134252,5.2075,5.1068,5.134252,5.134252,0
2022-05-13,5.1334,5.1459,5.0685,5.1334,5.1334,0
2022-05-16,5.0583,5.1017,5.0319,5.0583,5.0583,0
2022-05-17,5.0597,5.0606,4.9491,5.0597,5.0597,0
2022-05-18,4.9381,4.9781,4.915875,4.9381,4.9381,0
2022-05-19,4.9675,4.9703,4.8933,4.9675,4.9675,0
2022-05-20,4.93,4.9312,4.852,4.93,4.93,0
2022-05-23,4.8802,4.8802,4.7893,4.8802,4.8802,0
2022-05-24,4.8135,4.851,4.774023,4.8135,4.8135,0
2022-05-25,4.8178,4.8588,4.814712,4.8178,4.8178,0
2022-05-26,4.8228,4.8409,4.7765,4.8228,4.8228,0
2022-05-27,4.7682,4.7779,4.713917,4.7682,4.7682,0
2022-05-30,4.7296,4.7416,4.6906,4.7296,4.7296,0
2022-05-31,4.7524,4.774024,4.6969,4.7524,4.7524,0
2022-06-01,4.7304,4.8068,4.7215,4.7304,4.7304,0
2022-06-02,4.8155,4.8166,4.7736,4.8155,4.8155,0
2022-06-03,4.7957,4.8284,4.765131,4.7957,4.7957,0
2022-06-06,4.775,4.8027,4.745628,4.775,4.775,0
2022-06-07,4.7942,4.9264,4.7898,4.7942,4.7942,0
2022-06-08,4.867526,4.9043,4.8425,4.867526,4.867526,0
2022-06-09,4.8981,4.9156,4.865091,4.8981,4.8981,0
2022-06-10,4.9033,5.0086,4.883527,4.9033,4.9033,0
2022-06-13,4.984,5.1348,4.9839,4.984,4.984,0
2022-06-14,5.1134,5.1343,5.0835,5.1134,5.1134,0
2022-06-15,5.1161,5.1311,5.082382,5.1161,5.1161,0
2022-06-16,5.052,5.0539,5.046274,5.052,5.052,0
2022-06-17,5.0522,5.1465,5.04912,5.0522,5.0522,0
2022-06-20,5.1521,5.1866,5.135865,5.1521,5.1521,0
2022-06-21,5.1872,5.189,5.1175,5.1872,5.1872,0
2022-06-22,5.1228,5.1786,5.120937,5.1228,5.1228,0
2022-06-23,5.1936,5.212,5.165558,5.1936,5.1936,0
2022-06-24,5.238,5.2734,5.202,5.238,5.238,0
2022-06-27,5.2414,5.2732,5.2009,5.2414,5.2414,0
2022-06-28,5.2368,5.2601,5.186483,5.2368,5.2368,0
2022-06-29,5.2666,5.2724,5.2084,5.2666,5.2666,0
2022-06-30,5.1809,5.2688,5.177619,5.1809,5.1809,0
2022-07-01,5.252,5.3354,5.249412,5.252,5.252,0
2022-07-04,5.331,5.3314,5.2871,5.331,5.331,0
2022-07-05,5.3283,5.4013,5.304464,5.3283,5.3283,0
2022-07-06,5.3852,5.4597,5.381861,5.3852,5.3852,0
2022-07-07,5.428,5.4295,5.329027,5.428,5.428,0
2022-07-08,5.3382,5.3632,5.2778,5.3382,5.3382,0
2022-07-11,5.254,5.359,5.250876,5.254,5.254,0
2022-07-12,5.3772,5.427,5.3715,5.3772,5.3772,0
2022-07-13,5.4365,5.4625,5.36211,5.4365,5.4365,0
2022-07-14,5.3909,5.4866,5.388757,5.3909,5.3909,0
2022-07-15,5.4228,5.4461,5.3752,5.4228,5.4228,0
2022-07-18,5.4101,5.4106,5.350735,5.4101,5.4101,0
2022-07-19,5.4368,5.4385,5.3713,5.4368,5.4368,0
2022-07-20,5.4131,5.448,5.38405,5.4131,5.4131,0
2022-07-21,5.4702,5.5023,5.4312,5.4702,5.4702,0
2022-07-22,5.4978,5.5015,5.4353,5.4978,5.4978,0
2022-07-25,5.4967,5.4996,5.3992,5.4967,5.4967,0
2022-07-26,5.3563,5.3897,5.3316,5.3563,5.3563,0
2022-07-27,5.3501,5.351,5.291,5.3501,5.3501,0
2022-07-28,5.243,5.269,5.1742,5.243,5.243,0
2022-07-29,5.1827,5.218888,5.1484,5.1827,5.1827,0
2022-08-01,5.1712,5.1926,5.12705,5.1712,5.1712,0
2022-08-02,5.184,5.2442,5.157262,5.184,5.184,0
2022-08-03,5.2777,5.313,5.2462,5.2777,5.2777,0
2022-08-04,5.2827,5.292,5.211857,5.2827,5.2827,0
2022-08-05,5.2111,5.270994,5.181602,5.2111,5.2111,0
2022-08-08,5.1646,5.1663,5.1021,5.1646,5.1646,0
2022-08-09,5.1101,5.1467,5.0931,5.1101,5.1101,0
2022-08-10,5.1237,5.1277,5.0355,5.1237,5.1237,0
2022-08-11,5.0937,5.1554,5.0565,5.0937,5.0937,0
2022-08-12,5.157,5.1609,5.0828,5.157,5.157,0
2022-08-15,5.0749,5.1363,5.067652,5.0749,5.0749,0
2022-08-16,5.0956,5.1491,5.075443,5.0956,5.0956,0
2022-08-17,5.141739,5.2113,5.141095,5.141739,5.141739,0
2022-08-18,5.165,5.197,5.1296,5.165,5.165,0
2022-08-19,5.167,5.217,5.164235,5.167,5.167,0
2022-08-22,5.1684,5.2021,5.1618,5.1684,5.1684,0
2022-08-23,5.1561,5.1571,5.0713,5.1561,5.1561,0
2022-08-24,5.1035,5.1203,5.077318,5.1035,5.1035,0
2022-08-25,5.1101,5.1397,5.081051,5.1101,5.1101,0
2022-08-26,5.1087,5.1137,5.064,5.1087,5.1087,0
2022-08-29,5.0625,5.0778,5.0241,5.0625,5.0625,0
2022-08-30,5.0272,5.0765,4.998009,5.0272,5.0272,0
2022-08-31,5.1219,5.1968,5.093873,5.1219,5.1219,0
2022-09-01,5.1817,5.2323,5.144,5.1817,5.1817,0
2022-09-02,5.2404,5.248076,5.1703,5.2404,5.2404,0
2022-09-05,5.171,5.1874,5.140804,5.171,5.171,0
2022-09-06,5.1539,5.2374,5.123166,5.1539,5.1539,0
2022-09-07,5.2472,5.2487,5.243601,5.2472,5.2472,0
2022-09-08,5.2467,5.2492,5.186014,5.2467,5.2467,0
2022-09-09,5.2133,5.2143,5.1401,5.2133,5.2133,0
2022-09-12,5.1463,5.1477,5.103637,5.1463,5.1463,0
2022-09-13,5.092,5.2019,5.066973,5.092,5.092,0
2022-09-14,5.1898,5.1956,5.151944,5.1898,5.1898,0
2022-09-15,5.1627,5.2349,5.159892,5.1627,5.1627,0
2022-09-16,5.2461,5.3076,5.242726,5.2461,5.2461,0
2022-09-19,5.2507,5.298,5.1743,5.2507,5.2507,0
2022-09-20,5.1709,5.2194,5.145422,5.1709,5.1709,0
2022-09-21,5.1415,5.184,5.120462,5.1415,5.1415,0
2022-09-22,5.1704,5.183,5.11838,5.1704,5.1704,0
2022-09-23,5.1155,5.2388,5.11268,5.1155,5.1155,0
2022-09-26,5.2588,5.3889,5.2553,5.2588,5.2588,0
2022-09-27,5.3894,5.3939,5.295532,5.3894,5.3894,0
2022-09-28,5.3781,5.414328,5.3383,5.3781,5.3781,0
2022-09-29,5.3742,5.4283,5.371357,5.3742,5.3742,0
2022-09-30,5.3962,5.422,5.375,5.3962,5.3962,0
2022-10-03,5.4143,5.4157,5.159857,5.4143,5.4143,0
2022-10-04,5.1635,5.1702,5.1089,5.1635,5.1635,0
2022-10-05,5.1758,5.2412,5.172771,5.1758,5.1758,0
2022-10-06,5.1952,5.217,5.172575,5.1952,5.1952,0
2022-10-07,5.2201,5.2489,5.1947,5.2201,5.2201,0
2022-10-10,5.1984,5.2139,5.1623,5.1984,5.1984,0
2022-10-11,5.1868,5.2249,5.15978,5.1868,5.1868,0
2022-10-12,5.2921,5.2949,5.287955,5.2921,5.2921,0
2022-10-13,5.2915,5.3785,5.251726,5.2915,5.2915,0
2022-10-14,5.2598,5.3086,5.237908,5.2598,5.2598,0
2022-10-17,5.3274,5.3301,5.253187,5.3274,5.3274,0
2022-10-18,5.277359,5.2953,5.2414,5.277359,5.277359,0
2022-10-19,5.2398,5.2951,5.23344,5.2398,5.2398,0
2022-10-20,5.2692,5.2728,5.1932,5.2692,5.2692,0
2022-10-21,5.2166,5.2727,5.169708,5.2166,5.2166,0
2022-10-24,5.1634,5.2994,5.1599,5.1634,5.1634,0
2022-10-25,5.3062,5.3526,5.2806,5.3062,5.3062,0
2022-10-26,5.3152,5.3357,5.2817,5.3152,5.3152,0
2022-10-27,5.3839,5.3852,5.278,5.3839,5.3839,0
2022-10-28,5.3392,5.371656,5.3263,5.3392,5.3392,0
2022-10-31,5.2885,5.399843,5.2101,5.2885,5.2885,0
2022-11-01,5.1788,5.1973,5.1015,5.1788,5.1788,0
2022-11-02,5.1424,5.144,5.139265,5.1424,5.1424,0
2022-11-03,5.1426,5.217329,5.0853,5.1426,5.1426,0
2022-11-04,5.1149,5.117297,5.0229,5.1149,5.1149,0
2022-11-07,5.078132,5.1268,4.997542,5.078132,5.078132,0
2022-11-08,5.153327,5.2445,5.114,5.153327,5.153327,0
2022-11-09,5.143,5.192,5.098263,5.143,5.143,0
2022-11-10,5.1852,5.3575,5.182015,5.1852,5.1852,0
2022-11-11,5.34158,5.4009,5.2451,5.34158,5.34158,0
2022-11-14,5.279059,5.3471,5.263,5.279059,5.279059,0
2022-11-15,5.3312,5.3328,5.327759,5.3312,5.3312,0
2022-11-16,5.3317,5.369494,5.2884,5.3317,5.3317,0
2022-11-17,5.399,5.519577,5.395744,5.399,5.399,0
2022-11-18,5.4221,5.423,5.3234,5.4221,5.4221,0
2022-11-21,5.3813,5.3826,5.2981,5.3813,5.3813,0
2022-11-22,5.3186,5.3657,5.2818,5.3186,5.3186,0
2022-11-23,5.3577,5.408,5.335685,5.3577,5.3577,0
2022-11-24,5.3583,5.3589,5.296245,5.3583,5.3583,0
2022-11-25,5.32,5.3881,5.305,5.32,5.32,0
2022-11-28,5.4085,5.4238,5.364994,5.4085,5.4085,0
2022-11-29,5.3647,5.3655,5.278277,5.3647,5.3647,0
2022-11-30,5.2682,5.3158,5.243527,5.2682,5.2682,0
2022-12-01,5.181589,5.2141,5.1632,5.181589,5.181589,0
2022-12-02,5.1836,5.2361,5.1641,5.1836,5.1836,0
2022-12-05,5.218,5.2639,5.2141,5.218,5.218,0
2022-12-06,5.28,5.2806,5.219792,5.28,5.28,0
2022-12-07,5.234,5.270356,5.2103,5.234,5.234,0
2022-12-08,5.204,5.2483,5.193944,5.204,5.204,0
2022-12-09,5.2243,5.2798,5.214606,5.2243,5.2243,0
2022-12-12,5.235,5.3489,5.234063,5.235,5.235,0
2022-12-13,5.3213,5.3221,5.2391,5.3213,5.3213,0
2022-12-14,5.2928,5.366154,5.249914,5.2928,5.2928,0
2022-12-15,5.2772,5.3437,5.264806,5.2772,5.2772,0
2022-12-16,5.3118,5.3281,5.260986,5.3118,5.3118,0
2022-12-19,5.306509,5.3358,5.2965,5.306509,5.306509,0
2022-12-20,5.2916,5.3222,5.17787,5.2916,5.2916,0
2022-12-21,5.1984,5.2159,5.1583,5.1984,5.1984,0
2022-12-22,5.1999,5.2168,5.156333,5.1999,5.1999,0
2022-12-23,5.1656,5.175,5.116316,5.1656,5.1656,0
2022-12-26,5.1643,5.2042,5.1625,5.1643,5.1643,0
2022-12-27,5.2175,5.2916,5.124977,5.2175,5.2175,0
2022-12-28,5.2923,5.2927,5.2507,5.2923,5.2923,0
2022-12-29,5.2668,5.281089,5.1894,5.2668,5.2668,0
2022-12-30,5.2846,5.2878,5.2822,5.2846,5.2846,0
2023-01-02,5.2855,5.3621,5.281984,5.2855,5.2855,0
2023-01-03,5.360131,5.4221,5.3407,5.360131,5.360131,0
2023-01-04,5.4785,5.4794,5.4257,5.4785,5.4785,0
2023-01-05,5.4301,5.4311,5.3695,5.4301,5.4301,0
2023-01-06,5.3498,5.360859,5.2445,5.3498,5.3498,0
2023-01-09,5.2244,5.3064,5.220957,5.2244,5.2244,0
2023-01-10,5.2537,5.270648,5.209531,5.2537,5.2537,0
2023-01-11,5.1983,5.2315,5.18719,5.1983,5.1983,0
2023-01-12,5.1585,5.1771,5.1104,5.1585,5.1585,0
2023-01-13,5.1077,5.1528,5.0854,5.1077,5.1077,0
2023-01-16,5.0807,5.1281,5.0888,5.0807,5.0807,0
2023-01-17,5.146,5.1537,5.0949,5.146,5.146,0
2023-01-18,5.0996,5.1338,5.0647,5.0996,5.0996,0
2023-01-19,5.1853,5.249171,5.1824,5.1853,5.1853,0
2023-01-20,5.173,5.2366,5.1649,5.173,5.173,0
2023-01-23,5.2063,5.2148,5.1655,5.2063,5.2063,0
2023-01-24,5.2059,5.2148,5.1394,5.2059,5.2059,0
2023-01-25,5.1384,5.1429,5.071799,5.1384,5.1384,0
2023-01-26,5.0722,5.1118,5.057525,5.0722,5.0722,0
2023-01-27,5.062745,5.1008,5.054416,5.062745,5.062745,0
2023-01-30,5.1072,5.1224,5.081096,5.1072,5.1072,0
2023-01-31,5.1149,5.1337,5.0775,5.1149,5.1149,0
2023-02-01,5.0722,5.0868,5.0479,5.0722,5.0722,0
2023-02-02,5.0535,5.0545,4.9417,5.0535,5.0535,0
2023-02-03,5.0492,5.1347,5.046758,5.0492,5.0492,0
2023-02-06,5.1498,5.206,5.147992,5.1498,5.1498,0
2023-02-07,5.1457,5.2057,5.133384,5.1457,5.1457,0
2023-02-08,5.2093,5.2401,5.164117,5.2093,5.2093,0
2023-02-09,5.1995,5.274,5.1701,5.1995,5.1995,0
2023-02-10,5.2895,5.304566,5.225173,5.2895,5.2895,0
2023-02-13,5.213483,5.2214,5.159,5.213483,5.213483,0
2023-02-14,5.1584,5.1809,5.126578,5.1584,5.1584,0
2023-02-15,5.1915,5.2375,5.144326,5.1915,5.1915,0
2023-02-16,5.218,5.2556,5.19592,5.218,5.218,0
2023-02-17,5.2168,5.245128,5.171154,5.2168,5.2168,0
2023-02-20,5.165169,5.168,5.1634,5.165169,5.165169,0
2023-02-21,5.1667,5.1673,5.147882,5.1667,5.1667,0
2023-02-22,5.1665,5.2098,5.163771,5.1665,5.1665,0
2023-02-23,5.1512,5.1714,5.1096,5.1512,5.1512,0
2023-02-24,5.1362,5.1962,5.133803,5.1362,5.1362,0
2023-02-27,5.2078,5.2108,5.168874,5.2078,5.2078,0
2023-02-28,5.1997,5.2399,5.1805,5.1997,5.1997,0
2023-03-01,5.2359,5.2367,5.1881,5.2359,5.2359,0
2023-03-02,5.1783,5.2258,5.174952,5.1783,5.1783,0
2023-03-03,5.1996,5.2255,5.1873,5.1996,5.1996,0
2023-03-06,5.1944,5.215,5.1588,5.1944,5.1944,0
2023-03-07,5.1522,5.203,5.149922,5.1522,5.1522,0
2023-03-08,5.19,5.1927,5.1029,5.19,5.19,0
2023-03-09,5.1444,5.1544,5.111177,5.1444,5.1444,0
2023-03-10,5.1637,5.2035,5.149461,5.1637,5.1637,0
2023-03-13,5.2156,5.2783,5.21,5.2156,5.2156,0
2023-03-14,5.2457,5.2573,5.22057,5.2457,5.2457,0
2023-03-15,5.2517,5.321487,5.246898,5.2517,5.2517,0
2023-03-16,5.2871,5.3088,5.262,5.2871,5.2871,0
2023-03-17,5.2296,5.2827,5.226998,5.2296,5.2296,0
2023-03-20,5.2778,5.2821,5.228,5.2778,5.2778,0
2023-03-21,5.2357,5.2505,5.214112,5.2357,5.2357,0
2023-03-22,5.2409,5.2773,5.238011,5.2409,5.2409,0
2023-03-23,5.2361,5.2776,5.2011,5.2361,5.2361,0
2023-03-24,5.2967,5.3367,5.245,5.2967,5.2967,0
2023-03-27,5.2451,5.2475,5.2162,5.2451,5.2451,0
2023-03-28,5.1971,5.1977,5.1479,5.1971,5.1971,0
2023-03-29,5.1644,5.1823,5.13173,5.1644,5.1644,0
2023-03-30,5.1342,5.155928,5.0773,5.1342,5.1342,0
2023-03-31,5.0927,5.1033,5.0552,5.0927,5.0927,0
2023-04-03,5.0623,5.0755,5.036216,5.0623,5.0623,0
2023-04-04,5.0631,5.0976,5.048277,5.0631,5.0631,0
2023-04-05,5.0707,5.0743,5.027504,5.0707,5.0707,0
2023-04-06,5.0332,5.0789,5.028911,5.0332,5.0332,0
2023-04-07,5.0583,5.0585,5.00435,5.0583,5.0583,0
2023-04-10,5.0544,5.0887,5.0451,5.0544,5.0544,0
2023-04-11,5.0653,5.0676,4.989,5.0653,5.0653,0
2023-04-12,5.004,5.0062,4.917,5.004,5.004,0
2023-04-13,4.9169,4.9342,4.895642,4.9169,4.9169,0
2023-04-14,4.9267,4.9621,4.904,4.9267,4.9267,0
2023-04-17,4.9087,4.9545,4.8984,4.9087,4.9087,0
2023-04-18,4.9398,4.989219,4.9099,4.9398,4.9398,0
2023-04-19,4.9843,5.0596,4.981914,4.9843,4.9843,0
2023-04-20,5.0743,5.0818,5.0366,5.0743,5.0743,0
2023-04-21,5.0477,5.0492,5.04434,5.0477,5.0477,0
2023-04-24,5.0479,5.0821,5.0431,5.0479,5.0479,0
2023-04-25,5.0334,5.0796,5.0305,5.0334,5.0334,0
2023-04-26,5.0531,5.0704,5.0342,5.0531,5.0531,0
2023-04-27,5.043,5.0455,5.0,5.043,5.043,0
2023-04-28,4.9762,5.0149,4.973421,4.9762,4.9762,0
2023-05-01,4.986,4.9879,4.9859,4.986,4.986,0
2023-05-02,4.9879,5.0495,4.959331,4.9879,4.9879,0
2023-05-03,5.0384,5.0484,5.0031,5.0384,5.0384,0
2023-05-04,4.9944,5.0325,4.9697,4.9944,4.9944,0
2023-05-05,4.9826,4.9976,4.9521,4.9826,4.9826,0
2023-05-08,4.9517,4.9922,4.9392,4.9517,4.9517,0
2023-05-09,5.008,5.0333,4.9834,5.008,5.008,0
2023-05-10,4.9859,4.9894,4.9359,4.9859,4.9859,0
2023-05-11,4.9429,4.9813,4.940282,4.9429,4.9429,0
2023-05-12,4.9295,4.9535,4.909,4.9295,4.9295,0
2023-05-15,4.9202,4.9305,4.898892,4.9202,4.9202,0
2023-05-16,4.8879,4.9287,4.885,4.8879,4.8879,0
2023-05-17,4.9394,4.9682,4.9329,4.9394,4.9394,0
2023-05-18,4.9377,4.9765,4.9346,4.9377,4.9377,0
2023-05-19,4.9644,4.9995,4.941187,4.9644,4.9644,0
2023-05-22,4.9968,5.0021,4.9554,4.9968,4.9968,0
2023-05-23,4.9661,4.9916,4.948137,4.9661,4.9661,0
2023-05-24,4.9712,4.9745,4.9351,4.9712,4.9712,0
2023-05-25,4.9586,5.0194,4.942344,4.9586,4.9586,0
2023-05-26,5.0352,5.0358,4.9983,5.0352,5.0352,0
2023-05-29,4.9928,5.01,4.9708,4.9928,4.9928,0
2023-05-30,5.0181,5.0636,4.997627,5.0181,5.0181,0
2023-05-31,5.0348,5.1214,5.032332,5.0348,5.0348,0
2023-06-01,5.0548,5.0553,5.008422,5.0548,5.0548,0
2023-06-02,5.0131,5.0137,4.943532,5.0131,5.0131,0
2023-06-05,4.9566,4.9698,4.911917,4.9566,4.9566,0
2023-06-06,4.9256,4.9542,4.9045,4.9256,4.9256,0
2023-06-07,4.912,4.9292,4.8988,4.912,4.912,0
2023-06-08,4.9224,4.9252,4.89357,4.9224,4.9224,0
2023-06-09,4.9221,4.9251,4.8583,4.9221,4.9221,0
2023-06-12,4.8779,4.8956,4.865636,4.8779,4.8779,0
2023-06-13,4.8606,4.8754,4.844746,4.8606,4.8606,0
2023-06-14,4.861,4.8634,4.836826,4.861,4.861,0
2023-06-15,4.815,4.8425,4.8019,4.815,4.815,0
2023-06-16,4.8092,4.8477,4.8025,4.8092,4.8092,0
2023-06-19,4.807,4.8273,4.7663,4.807,4.807,0
2023-06-20,4.7769,4.7976,4.7722,4.7769,4.7769,0
2023-06-21,4.7893,4.8145,4.7632,4.7893,4.7893,0
2023-06-22,4.7623,4.7791,4.737407,4.7623,4.7623,0
2023-06-23,4.769737,4.8026,4.765414,4.769737,4.769737,0
2023-06-26,4.7855,4.7862,4.757746,4.7855,4.7855,0
2023-06-27,4.7673,4.8044,4.7504,4.7673,4.7673,0
2023-06-28,4.8105,4.8685,4.808138,4.8105,4.8105,0
2023-06-29,4.8505,4.8716,4.809946,4.8505,4.8505,0
2023-06-30,4.8556,4.8675,4.8093,4.8556,4.8556,0
2023-07-03,4.7842,4.7929,4.758144,4.7842,4.7842,0
2023-07-04,4.8065,4.8174,4.7818,4.8065,4.8065,0
2023-07-05,4.8399,4.8682,4.8368,4.8399,4.8399,0
2023-07-06,4.8472,4.9239,4.838893,4.8472,4.8472,0
2023-07-07,4.9187,4.9294,4.859095,4.9187,4.9187,0
2023-07-10,4.8709,4.8912,4.8561,4.8709,4.8709,0
2023-07-11,4.8982,4.9198,4.879407,4.8982,4.8982,0
2023-07-12,4.8515,4.8584,4.783,4.8515,4.8515,0
2023-07-13,4.8169,4.822762,4.779804,4.8169,4.8169,0
2023-07-14,4.7948,4.8063,4.771745,4.7948,4.7948,0
2023-07-17,4.7881,4.847,4.772341,4.7881,4.7881,0
2023-07-18,4.8058,4.8251,4.762769,4.8058,4.8058,0
2023-07-19,4.8093,4.8171,4.7834,4.8093,4.8093,0
2023-07-20,4.7899,4.8082,4.7678,4.7899,4.7899,0
2023-07-21,4.7969,4.813962,4.759288,4.7969,4.7969,0
2023-07-24,4.7774,4.7792,4.720375,4.7774,4.7774,0
2023-07-25,4.7255,4.7563,4.71533,4.7255,4.7255,0
2023-07-26,4.7489,4.7533,4.7272,4.7489,4.7489,0
2023-07-27,4.7362,4.7369,4.7094,4.7362,4.7362,0
2023-07-28,4.7416,4.7485,4.695682,4.7416,4.7416,0
2023-07-31,4.7233,4.758,4.702225,4.7233,4.7233,0
2023-08-01,4.7247,4.7885,4.720759,4.7247,4.7247,0
2023-08-02,4.792,4.8188,4.778114,4.792,4.792,0
2023-08-03,4.8104,4.8932,4.808489,4.8104,4.8104,0
2023-08-04,4.9164,4.9183,4.8456,4.9164,4.9164,0
2023-08-07,4.8854,4.9107,4.859412,4.8854,4.8854,0
2023-08-08,4.899,4.936806,4.894811,4.899,4.899,0
2023-08-09,4.8986,4.9107,4.8725,4.8986,4.8986,0
2023-08-10,4.9017,4.9039,4.838524,4.9017,4.9017,0
2023-08-11,4.8915,4.9043,4.860944,4.8915,4.8915,0
2023-08-14,4.911,4.9619,4.889689,4.911,4.911,0
2023-08-15,4.9621,4.9956,4.9577,4.9621,4.9621,0
2023-08-16,4.9832,4.9883,4.951272,4.9832,4.9832,0
2023-08-17,4.9869,4.9928,4.958,4.9869,4.9869,0
2023-08-18,4.9755,4.9956,4.9595,4.9755,4.9755,0
2023-08-21,4.9669,4.9938,4.950191,4.9669,4.9669,0
2023-08-22,4.9787,4.9792,4.922946,4.9787,4.9787,0
2023-08-23,4.9371,4.9412,4.867554,4.9371,4.9371,0
2023-08-24,4.8551,4.8833,4.853884,4.8551,4.8551,0
2023-08-25,4.8803,4.8974,4.855253,4.8803,4.8803,0
2023-08-28,4.8704,4.8994,4.859677,4.8704,4.8704,0
2023-08-29,4.8726,4.8996,4.843087,4.8726,4.8726,0
2023-08-30,4.8513,4.8808,4.822086,4.8513,4.8513,0
2023-08-31,4.8884,4.9559,4.8672,4.8884,4.8884,0
2023-09-01,4.9538,4.9546,4.8988,4.9538,4.9538,0
2023-09-04,4.9763,4.9769,4.906955,4.9763,4.9763,0
2023-09-05,4.9362,4.9784,4.929842,4.9362,4.9362,0
2023-09-06,4.9667,4.9921,4.923483,4.9667,4.9667,0
2023-09-07,4.977,4.9785,4.973803,4.977,4.977,0
2023-09-08,4.9761,4.9918,4.9635,4.9761,4.9761,0
2023-09-11,4.983,4.9856,4.9275,4.983,4.983,0
2023-09-12,4.9294,4.9661,4.927077,4.9294,4.9294,0
2023-09-13,4.9466,4.96,4.8973,4.9466,4.9466,0
2023-09-14,4.9154,4.9172,4.86184,4.9154,4.9154,0
2023-09-15,4.8682,4.8754,4.8577,4.8682,4.8682,0
2023-09-18,4.867,4.8726,4.842462,4.867,4.867,0
2023-09-19,4.8537,4.8625,4.83539,4.8537,4.8537,0
2023-09-20,4.8658,4.8679,4.83874,4.8658,4.8658,0
2023-09-21,4.8788,4.9305,4.876032,4.8788,4.8788,0
2023-09-22,4.9349,4.9359,4.901715,4.9349,4.9349,0
2023-09-25,4.9339,4.9652,4.9304,4.9339,4.9339,0
2023-09-26,4.9683,4.9829,4.936556,4.9683,4.9683,0
2023-09-27,4.9862,5.0559,4.98325,4.9862,4.9862,0
2023-09-28,5.0422,5.0652,5.014375,5.0422,5.0422,0
2023-09-29,5.0328,5.0356,4.9886,5.0328,5.0328,0
2023-10-02,5.0428,5.0761,5.020739,5.0428,5.0428,0
2023-10-03,5.0615,5.1346,5.059925,5.0615,5.0615,0
2023-10-04,5.1663,5.1759,5.122887,5.1663,5.1663,0
2023-10-05,5.1546,5.1849,5.135422,5.1546,5.1546,0
2023-10-06,5.165,5.2153,5.120663,5.165,5.165,0
2023-10-09,5.1457,5.1755,5.143194,5.1457,5.1457,0
2023-10-10,5.1352,5.136,5.0628,5.1352,5.1352,0
2023-10-11,5.051,5.0596,5.028,5.051,5.051,0
2023-10-12,5.0496,5.0496,5.019016,5.0496,5.0496,0
2023-10-13,5.0459,5.0798,5.0427,5.0459,5.0459,0
2023-10-16,5.0482,5.0816,5.026019,5.0482,5.0482,0
2023-10-17,5.0376,5.0638,5.008825,5.0376,5.0376,0
2023-10-18,5.0374,5.0735,5.010034,5.0374,5.0374,0
2023-10-19,5.0561,5.0721,5.023057,5.0561,5.0561,0
2023-10-20,5.0629,5.0954,5.024585,5.0629,5.0629,0
2023-10-23,5.0313,5.049709,4.999201,5.0313,5.0313,0
2023-10-24,5.0123,5.0261,4.971456,5.0123,5.0123,0
2023-10-25,4.991,5.0165,4.9859,4.991,4.991,0
2023-10-26,4.9947,5.0148,4.986613,4.9947,4.9947,0
2023-10-27,4.9853,4.9874,4.9302,4.9853,4.9853,0
2023-10-30,5.0533,5.0533,5.046,5.046,5.046,0
